city,query,monthly_frequency,exact_variants_found,commercial_share_percent
Москва,переоборудование газели в эвакуатор,9,2,50.0
Москва,переоборудование в эвакуатор цена,1,2,100.0
Москва,эвакуатор с выдвижной платформой,8,1,0.0
Москва,эвакуатор с ломаной платформой,3,1,0.0
Москва,изготовление эвакуаторов,11,3,100.0
Москва,эвакуатор под ключ,2,1,0.0
Москва,кузов эвакуатор купить,0,0,0
Москва,эвакуаторная платформа купить,17,4,100.0
Санкт-Петербург,переоборудование газели в эвакуатор,2,2,50.0
Санкт-Петербург,переоборудование в эвакуатор цена,2,2,100.0
Санкт-Петербург,эвакуатор с выдвижной платформой,2,1,0.0
Санкт-Петербург,эвакуатор с ломаной платформой,2,1,0.0
Санкт-Петербург,изготовление эвакуаторов,11,2,100.0
Санкт-Петербург,эвакуатор под ключ,0,0,0
Санкт-Петербург,кузов эвакуатор купить,0,0,0
Санкт-Петербург,эвакуаторная платформа купить,2,1,100.0
Новосибирск,переоборудование газели в эвакуатор,4,1,0.0
Новосибирск,переоборудование в эвакуатор цена,0,0,0
Новосибирск,эвакуатор с выдвижной платформой,3,1,0.0
Новосибирск,эвакуатор с ломаной платформой,3,1,0.0
Новосибирск,изготовление эвакуаторов,0,0,0
Новосибирск,эвакуатор под ключ,0,0,0
Новосибирск,кузов эвакуатор купить,0,0,0
Новосибирск,эвакуаторная платформа купить,9,3,100.0
Екатеринбург,переоборудование газели в эвакуатор,0,0,0
Екатеринбург,переоборудование в эвакуатор цена,0,0,0
Екатеринбург,эвакуатор с выдвижной платформой,0,0,0
Екатеринбург,эвакуатор с ломаной платформой,0,0,0
Екатеринбург,изготовление эвакуаторов,4,1,100.0
Екатеринбург,эвакуатор под ключ,0,0,0
Екатеринбург,кузов эвакуатор купить,0,0,0
Екатеринбург,эвакуаторная платформа купить,7,2,100.0
Казань,переоборудование газели в эвакуатор,0,0,0
Казань,переоборудование в эвакуатор цена,0,0,0
Казань,эвакуатор с выдвижной платформой,0,0,0
Казань,эвакуатор с ломаной платформой,0,0,0
Казань,изготовление эвакуаторов,0,0,0
Казань,эвакуатор под ключ,0,0,0
Казань,кузов эвакуатор купить,0,0,0
Казань,эвакуаторная платформа купить,0,0,0
Нижний Новгород,переоборудование газели в эвакуатор,1,1,0.0
Нижний Новгород,переоборудование в эвакуатор цена,0,0,0
Нижний Новгород,эвакуатор с выдвижной платформой,0,0,0
Нижний Новгород,эвакуатор с ломаной платформой,10,1,0.0
Нижний Новгород,изготовление эвакуаторов,1,1,100.0
Нижний Новгород,эвакуатор под ключ,0,0,0
Нижний Новгород,кузов эвакуатор купить,0,0,0
Нижний Новгород,эвакуаторная платформа купить,0,0,0
Челябинск,переоборудование газели в эвакуатор,0,0,0
Челябинск,переоборудование в эвакуатор цена,0,0,0
Челябинск,эвакуатор с выдвижной платформой,1,1,0.0
Челябинск,эвакуатор с ломаной платформой,1,1,0.0
Челябинск,изготовление эвакуаторов,2,2,100.0
Челябинск,эвакуатор под ключ,0,0,0
Челябинск,кузов эвакуатор купить,0,0,0
Челябинск,эвакуаторная платформа купить,2,1,100.0
Красноярск,переоборудование газели в эвакуатор,0,0,0
Красноярск,переоборудование в эвакуатор цена,0,0,0
Красноярск,эвакуатор с выдвижной платформой,0,0,0
Красноярск,эвакуатор с ломаной платформой,0,0,0
Красноярск,изготовление эвакуаторов,2,1,100.0
Красноярск,эвакуатор под ключ,0,0,0
Красноярск,кузов эвакуатор купить,0,0,0
Красноярск,эвакуаторная платформа купить,0,0,0
Самара,переоборудование газели в эвакуатор,0,0,0
Самара,переоборудование в эвакуатор цена,0,0,0
Самара,эвакуатор с выдвижной платформой,0,0,0
Самара,эвакуатор с ломаной платформой,0,0,0
Самара,изготовление эвакуаторов,1,2,100.0
Самара,эвакуатор под ключ,0,0,0
Самара,кузов эвакуатор купить,0,0,0
Самара,эвакуаторная платформа купить,0,0,0
Уфа,переоборудование газели в эвакуатор,0,0,0
Уфа,переоборудование в эвакуатор цена,0,0,0
Уфа,эвакуатор с выдвижной платформой,1,1,0.0
Уфа,эвакуатор с ломаной платформой,0,0,0
Уфа,изготовление эвакуаторов,1,1,100.0
Уфа,эвакуатор под ключ,0,0,0
Уфа,кузов эвакуатор купить,0,0,0
Уфа,эвакуаторная платформа купить,0,0,0
Ростов-на-Дону,переоборудование газели в эвакуатор,0,0,0
Ростов-на-Дону,переоборудование в эвакуатор цена,0,0,0
Ростов-на-Дону,эвакуатор с выдвижной платформой,0,0,0
Ростов-на-Дону,эвакуатор с ломаной платформой,0,0,0
Ростов-на-Дону,изготовление эвакуаторов,1,2,100.0
Ростов-на-Дону,эвакуатор под ключ,0,0,0
Ростов-на-Дону,кузов эвакуатор купить,0,0,0
Ростов-на-Дону,эвакуаторная платформа купить,0,0,0
Краснодар,переоборудование газели в эвакуатор,0,0,0
Краснодар,переоборудование в эвакуатор цена,0,0,0
Краснодар,эвакуатор с выдвижной платформой,0,0,0
Краснодар,эвакуатор с ломаной платформой,0,0,0
Краснодар,изготовление эвакуаторов,0,0,0
Краснодар,эвакуатор под ключ,0,0,0
Краснодар,кузов эвакуатор купить,0,0,0
Краснодар,эвакуаторная платформа купить,0,0,0
Омск,переоборудование газели в эвакуатор,2,1,0.0
Омск,переоборудование в эвакуатор цена,0,0,0
Омск,эвакуатор с выдвижной платформой,0,0,0
Омск,эвакуатор с ломаной платформой,0,0,0
Омск,изготовление эвакуаторов,0,0,0
Омск,эвакуатор под ключ,0,0,0
Омск,кузов эвакуатор купить,0,0,0
Омск,эвакуаторная платформа купить,0,0,0
Воронеж,переоборудование газели в эвакуатор,0,0,0
Воронеж,переоборудование в эвакуатор цена,0,0,0
Воронеж,эвакуатор с выдвижной платформой,0,0,0
Воронеж,эвакуатор с ломаной платформой,0,0,0
Воронеж,изготовление эвакуаторов,0,0,0
Воронеж,эвакуатор под ключ,0,0,0
Воронеж,кузов эвакуатор купить,0,0,0
Воронеж,эвакуаторная платформа купить,0,0,0
Пермь,переоборудование газели в эвакуатор,0,0,0
Пермь,переоборудование в эвакуатор цена,0,0,0
Пермь,эвакуатор с выдвижной платформой,0,0,0
Пермь,эвакуатор с ломаной платформой,0,0,0
Пермь,изготовление эвакуаторов,0,0,0
Пермь,эвакуатор под ключ,0,0,0
Пермь,кузов эвакуатор купить,0,0,0
Пермь,эвакуаторная платформа купить,0,0,0
Волгоград,переоборудование газели в эвакуатор,0,0,0
Волгоград,переоборудование в эвакуатор цена,0,0,0
Волгоград,эвакуатор с выдвижной платформой,0,0,0
Волгоград,эвакуатор с ломаной платформой,0,0,0
Волгоград,изготовление эвакуаторов,0,0,0
Волгоград,эвакуатор под ключ,0,0,0
Волгоград,кузов эвакуатор купить,0,0,0
Волгоград,эвакуаторная платформа купить,0,0,0
Саратов,переоборудование газели в эвакуатор,0,0,0
Саратов,переоборудование в эвакуатор цена,0,0,0
Саратов,эвакуатор с выдвижной платформой,0,0,0
Саратов,эвакуатор с ломаной платформой,0,0,0
Саратов,изготовление эвакуаторов,0,0,0
Саратов,эвакуатор под ключ,0,0,0
Саратов,кузов эвакуатор купить,0,0,0
Саратов,эвакуаторная платформа купить,0,0,0
Тюмень,переоборудование газели в эвакуатор,0,0,0
Тюмень,переоборудование в эвакуатор цена,0,0,0
Тюмень,эвакуатор с выдвижной платформой,0,0,0
Тюмень,эвакуатор с ломаной платформой,0,0,0
Тюмень,изготовление эвакуаторов,0,0,0
Тюмень,эвакуатор под ключ,0,0,0
Тюмень,кузов эвакуатор купить,0,0,0
Тюмень,эвакуаторная платформа купить,0,0,0
Тольятти,переоборудование газели в эвакуатор,0,0,0
Тольятти,переоборудование в эвакуатор цена,0,0,0
Тольятти,эвакуатор с выдвижной платформой,0,0,0
Тольятти,эвакуатор с ломаной платформой,0,0,0
Тольятти,изготовление эвакуаторов,0,0,0
Тольятти,эвакуатор под ключ,0,0,0
Тольятти,кузов эвакуатор купить,0,0,0
Тольятти,эвакуаторная платформа купить,0,0,0
Махачкала,переоборудование газели в эвакуатор,0,0,0
Махачкала,переоборудование в эвакуатор цена,0,0,0
Махачкала,эвакуатор с выдвижной платформой,0,0,0
Махачкала,эвакуатор с ломаной платформой,0,0,0
Махачкала,изготовление эвакуаторов,0,0,0
Махачкала,эвакуатор под ключ,0,0,0
Махачкала,кузов эвакуатор купить,0,0,0
Махачкала,эвакуаторная платформа купить,0,0,0
Барнаул,переоборудование газели в эвакуатор,0,0,0
Барнаул,переоборудование в эвакуатор цена,0,0,0
Барнаул,эвакуатор с выдвижной платформой,0,0,0
Барнаул,эвакуатор с ломаной платформой,0,0,0
Барнаул,изготовление эвакуаторов,0,0,0
Барнаул,эвакуатор под ключ,0,0,0
Барнаул,кузов эвакуатор купить,0,0,0
Барнаул,эвакуаторная платформа купить,0,0,0
Иркутск,переоборудование газели в эвакуатор,0,0,0
Иркутск,переоборудование в эвакуатор цена,0,0,0
Иркутск,эвакуатор с выдвижной платформой,0,0,0
Иркутск,эвакуатор с ломаной платформой,0,0,0
Иркутск,изготовление эвакуаторов,0,0,0
Иркутск,эвакуатор под ключ,0,0,0
Иркутск,кузов эвакуатор купить,0,0,0
Иркутск,эвакуаторная платформа купить,0,0,0
Ульяновск,переоборудование газели в эвакуатор,0,0,0
Ульяновск,переоборудование в эвакуатор цена,0,0,0
Ульяновск,эвакуатор с выдвижной платформой,0,0,0
Ульяновск,эвакуатор с ломаной платформой,0,0,0
Ульяновск,изготовление эвакуаторов,0,0,0
Ульяновск,эвакуатор под ключ,0,0,0
Ульяновск,кузов эвакуатор купить,0,0,0
Ульяновск,эвакуаторная платформа купить,0,0,0
Хабаровск,переоборудование газели в эвакуатор,0,0,0
Хабаровск,переоборудование в эвакуатор цена,0,0,0
Хабаровск,эвакуатор с выдвижной платформой,0,0,0
Хабаровск,эвакуатор с ломаной платформой,0,0,0
Хабаровск,изготовление эвакуаторов,0,0,0
Хабаровск,эвакуатор под ключ,0,0,0
Хабаровск,кузов эвакуатор купить,0,0,0
Хабаровск,эвакуаторная платформа купить,0,0,0
Ярославль,переоборудование газели в эвакуатор,0,0,0
Ярославль,переоборудование в эвакуатор цена,0,0,0
Ярославль,эвакуатор с выдвижной платформой,0,0,0
Ярославль,эвакуатор с ломаной платформой,0,0,0
Ярославль,изготовление эвакуаторов,0,0,0
Ярославль,эвакуатор под ключ,0,0,0
Ярославль,кузов эвакуатор купить,0,0,0
Ярославль,эвакуаторная платформа купить,0,0,0
Владивосток,переоборудование газели в эвакуатор,0,0,0
Владивосток,переоборудование в эвакуатор цена,0,0,0
Владивосток,эвакуатор с выдвижной платформой,0,0,0
Владивосток,эвакуатор с ломаной платформой,0,0,0
Владивосток,изготовление эвакуаторов,0,0,0
Владивосток,эвакуатор под ключ,0,0,0
Владивосток,кузов эвакуатор купить,0,0,0
Владивосток,эвакуаторная платформа купить,0,0,0
Томск,переоборудование газели в эвакуатор,0,0,0
Томск,переоборудование в эвакуатор цена,0,0,0
Томск,эвакуатор с выдвижной платформой,0,0,0
Томск,эвакуатор с ломаной платформой,0,0,0
Томск,изготовление эвакуаторов,0,0,0
Томск,эвакуатор под ключ,0,0,0
Томск,кузов эвакуатор купить,0,0,0
Томск,эвакуаторная платформа купить,0,0,0
Оренбург,переоборудование газели в эвакуатор,0,0,0
Оренбург,переоборудование в эвакуатор цена,0,0,0
Оренбург,эвакуатор с выдвижной платформой,0,0,0
Оренбург,эвакуатор с ломаной платформой,0,0,0
Оренбург,изготовление эвакуаторов,0,0,0
Оренбург,эвакуатор под ключ,0,0,0
Оренбург,кузов эвакуатор купить,0,0,0
Оренбург,эвакуаторная платформа купить,0,0,0
Кемерово,переоборудование газели в эвакуатор,0,0,0
Кемерово,переоборудование в эвакуатор цена,0,0,0
Кемерово,эвакуатор с выдвижной платформой,0,0,0
Кемерово,эвакуатор с ломаной платформой,0,0,0
Кемерово,изготовление эвакуаторов,0,0,0
Кемерово,эвакуатор под ключ,0,0,0
Кемерово,кузов эвакуатор купить,0,0,0
Кемерово,эвакуаторная платформа купить,0,0,0
Новокузнецк,переоборудование газели в эвакуатор,0,0,0
Новокузнецк,переоборудование в эвакуатор цена,0,0,0
Новокузнецк,эвакуатор с выдвижной платформой,0,0,0
Новокузнецк,эвакуатор с ломаной платформой,0,0,0
Новокузнецк,изготовление эвакуаторов,0,0,0
Новокузнецк,эвакуатор под ключ,0,0,0
Новокузнецк,кузов эвакуатор купить,0,0,0
Новокузнецк,эвакуаторная платформа купить,0,0,0
Рязань,переоборудование газели в эвакуатор,0,0,0
Рязань,переоборудование в эвакуатор цена,0,0,0
Рязань,эвакуатор с выдвижной платформой,0,0,0
Рязань,эвакуатор с ломаной платформой,0,0,0
Рязань,изготовление эвакуаторов,0,0,0
Рязань,эвакуатор под ключ,0,0,0
Рязань,кузов эвакуатор купить,0,0,0
Рязань,эвакуаторная платформа купить,0,0,0
Астрахань,переоборудование газели в эвакуатор,0,0,0
Астрахань,переоборудование в эвакуатор цена,0,0,0
Астрахань,эвакуатор с выдвижной платформой,0,0,0
Астрахань,эвакуатор с ломаной платформой,0,0,0
Астрахань,изготовление эвакуаторов,0,0,0
Астрахань,эвакуатор под ключ,0,0,0
Астрахань,кузов эвакуатор купить,0,0,0
Астрахань,эвакуаторная платформа купить,0,0,0
Пенза,переоборудование газели в эвакуатор,0,0,0
Пенза,переоборудование в эвакуатор цена,0,0,0
Пенза,эвакуатор с выдвижной платформой,0,0,0
Пенза,эвакуатор с ломаной платформой,0,0,0
Пенза,изготовление эвакуаторов,0,0,0
Пенза,эвакуатор под ключ,0,0,0
Пенза,кузов эвакуатор купить,0,0,0
Пенза,эвакуаторная платформа купить,0,0,0
Липецк,переоборудование газели в эвакуатор,0,0,0
Липецк,переоборудование в эвакуатор цена,0,0,0
Липецк,эвакуатор с выдвижной платформой,0,0,0
Липецк,эвакуатор с ломаной платформой,0,0,0
Липецк,изготовление эвакуаторов,0,0,0
Липецк,эвакуатор под ключ,0,0,0
Липецк,кузов эвакуатор купить,0,0,0
Липецк,эвакуаторная платформа купить,0,0,0
Киров,переоборудование газели в эвакуатор,0,0,0
Киров,переоборудование в эвакуатор цена,0,0,0
Киров,эвакуатор с выдвижной платформой,0,0,0
Киров,эвакуатор с ломаной платформой,0,0,0
Киров,изготовление эвакуаторов,0,0,0
Киров,эвакуатор под ключ,0,0,0
Киров,кузов эвакуатор купить,0,0,0
Киров,эвакуаторная платформа купить,0,0,0
Чебоксары,переоборудование газели в эвакуатор,0,0,0
Чебоксары,переоборудование в эвакуатор цена,0,0,0
Чебоксары,эвакуатор с выдвижной платформой,0,0,0
Чебоксары,эвакуатор с ломаной платформой,0,0,0
Чебоксары,изготовление эвакуаторов,0,0,0
Чебоксары,эвакуатор под ключ,0,0,0
Чебоксары,кузов эвакуатор купить,0,0,0
Чебоксары,эвакуаторная платформа купить,0,0,0
Тула,переоборудование газели в эвакуатор,0,0,0
Тула,переоборудование в эвакуатор цена,0,0,0
Тула,эвакуатор с выдвижной платформой,0,0,0
Тула,эвакуатор с ломаной платформой,0,0,0
Тула,изготовление эвакуаторов,0,0,0
Тула,эвакуатор под ключ,0,0,0
Тула,кузов эвакуатор купить,0,0,0
Тула,эвакуаторная платформа купить,0,0,0
Калининград,переоборудование газели в эвакуатор,0,0,0
Калининград,переоборудование в эвакуатор цена,0,0,0
Калининград,эвакуатор с выдвижной платформой,0,0,0
Калининград,эвакуатор с ломаной платформой,0,0,0
Калининград,изготовление эвакуаторов,0,0,0
Калининград,эвакуатор под ключ,0,0,0
Калининград,кузов эвакуатор купить,0,0,0
Калининград,эвакуаторная платформа купить,0,0,0
Курск,переоборудование газели в эвакуатор,0,0,0
Курск,переоборудование в эвакуатор цена,0,0,0
Курск,эвакуатор с выдвижной платформой,0,0,0
Курск,эвакуатор с ломаной платформой,0,0,0
Курск,изготовление эвакуаторов,0,0,0
Курск,эвакуатор под ключ,0,0,0
Курск,кузов эвакуатор купить,0,0,0
Курск,эвакуаторная платформа купить,0,0,0
Улан-Удэ,переоборудование газели в эвакуатор,0,0,0
Улан-Удэ,переоборудование в эвакуатор цена,0,0,0
Улан-Удэ,эвакуатор с выдвижной платформой,0,0,0
Улан-Удэ,эвакуатор с ломаной платформой,0,0,0
Улан-Удэ,изготовление эвакуаторов,0,0,0
Улан-Удэ,эвакуатор под ключ,0,0,0
Улан-Удэ,кузов эвакуатор купить,0,0,0
Улан-Удэ,эвакуаторная платформа купить,0,0,0
Ставрополь,переоборудование газели в эвакуатор,0,0,0
Ставрополь,переоборудование в эвакуатор цена,0,0,0
Ставрополь,эвакуатор с выдвижной платформой,0,0,0
Ставрополь,эвакуатор с ломаной платформой,0,0,0
Ставрополь,изготовление эвакуаторов,0,0,0
Ставрополь,эвакуатор под ключ,0,0,0
Ставрополь,кузов эвакуатор купить,0,0,0
Ставрополь,эвакуаторная платформа купить,0,0,0
Магнитогорск,переоборудование газели в эвакуатор,0,0,0
Магнитогорск,переоборудование в эвакуатор цена,0,0,0
Магнитогорск,эвакуатор с выдвижной платформой,0,0,0
Магнитогорск,эвакуатор с ломаной платформой,0,0,0
Магнитогорск,изготовление эвакуаторов,0,0,0
Магнитогорск,эвакуатор под ключ,0,0,0
Магнитогорск,кузов эвакуатор купить,0,0,0
Магнитогорск,эвакуаторная платформа купить,0,0,0
Сочи,переоборудование газели в эвакуатор,0,0,0
Сочи,переоборудование в эвакуатор цена,0,0,0
Сочи,эвакуатор с выдвижной платформой,0,0,0
Сочи,эвакуатор с ломаной платформой,0,0,0
Сочи,изготовление эвакуаторов,0,0,0
Сочи,эвакуатор под ключ,0,0,0
Сочи,кузов эвакуатор купить,0,0,0
Сочи,эвакуаторная платформа купить,0,0,0
Иваново,переоборудование газели в эвакуатор,0,0,0
Иваново,переоборудование в эвакуатор цена,0,0,0
Иваново,эвакуатор с выдвижной платформой,0,0,0
Иваново,эвакуатор с ломаной платформой,0,0,0
Иваново,изготовление эвакуаторов,0,0,0
Иваново,эвакуатор под ключ,0,0,0
Иваново,кузов эвакуатор купить,0,0,0
Иваново,эвакуаторная платформа купить,0,0,0
Брянск,переоборудование газели в эвакуатор,0,0,0
Брянск,переоборудование в эвакуатор цена,0,0,0
Брянск,эвакуатор с выдвижной платформой,0,0,0
Брянск,эвакуатор с ломаной платформой,0,0,0
Брянск,изготовление эвакуаторов,0,0,0
Брянск,эвакуатор под ключ,0,0,0
Брянск,кузов эвакуатор купить,0,0,0
Брянск,эвакуаторная платформа купить,0,0,0
Белгород,переоборудование газели в эвакуатор,0,0,0
Белгород,переоборудование в эвакуатор цена,0,0,0
Белгород,эвакуатор с выдвижной платформой,0,0,0
Белгород,эвакуатор с ломаной платформой,0,0,0
Белгород,изготовление эвакуаторов,0,0,0
Белгород,эвакуатор под ключ,0,0,0
Белгород,кузов эвакуатор купить,0,0,0
Белгород,эвакуаторная платформа купить,0,0,0
Сургут,переоборудование газели в эвакуатор,0,0,0
Сургут,переоборудование в эвакуатор цена,0,0,0
Сургут,эвакуатор с выдвижной платформой,0,0,0
Сургут,эвакуатор с ломаной платформой,0,0,0
Сургут,изготовление эвакуаторов,0,0,0
Сургут,эвакуатор под ключ,0,0,0
Сургут,кузов эвакуатор купить,0,0,0
Сургут,эвакуаторная платформа купить,0,0,0
Владимир,переоборудование газели в эвакуатор,0,0,0
Владимир,переоборудование в эвакуатор цена,0,0,0
Владимир,эвакуатор с выдвижной платформой,0,0,0
Владимир,эвакуатор с ломаной платформой,0,0,0
Владимир,изготовление эвакуаторов,0,0,0
Владимир,эвакуатор под ключ,0,0,0
Владимир,кузов эвакуатор купить,0,0,0
Владимир,эвакуаторная платформа купить,0,0,0
Нижний Тагил,переоборудование газели в эвакуатор,0,0,0
Нижний Тагил,переоборудование в эвакуатор цена,0,0,0
Нижний Тагил,эвакуатор с выдвижной платформой,0,0,0
Нижний Тагил,эвакуатор с ломаной платформой,0,0,0
Нижний Тагил,изготовление эвакуаторов,0,0,0
Нижний Тагил,эвакуатор под ключ,0,0,0
Нижний Тагил,кузов эвакуатор купить,0,0,0
Нижний Тагил,эвакуаторная платформа купить,0,0,0
Архангельск,переоборудование газели в эвакуатор,0,0,0
Архангельск,переоборудование в эвакуатор цена,0,0,0
Архангельск,эвакуатор с выдвижной платформой,0,0,0
Архангельск,эвакуатор с ломаной платформой,0,0,0
Архангельск,изготовление эвакуаторов,0,0,0
Архангельск,эвакуатор под ключ,0,0,0
Архангельск,кузов эвакуатор купить,0,0,0
Архангельск,эвакуаторная платформа купить,0,0,0
